,Standardization,MinMax,Log+bStand,Sqrt
RBF,0.0973973281868376,0.09877014932469096,0.10123878923156521,0.11202542632492019
RQ,0.0973971367179177,0.09877010384478449,0.10123881144554174,0.11202535749182824
Matern32,0.0033318614824194262,0.016681784170625744,9.95873288313969e-06,0.016565407767793198
Matern52,0.07783087085371498,0.08056046076714031,0.07733159468834817,0.08230589832542404
