,Standardization,MinMax,Log+bStand,Sqrt
RBF,0.08735789895925129,0.09134556742044128,0.08794039923499442,0.0915675221389197
RQ,0.08735789588862111,0.09134554154359772,0.08725747751974001,0.09156747903959761
Matern32,1.4706429039564273e-05,0.007154713879856121,1.8377729564720723e-05,0.008780861987261619
Matern52,0.06062396159012349,0.06458793322065143,0.06833311440444677,0.06786929460886086
