,Standardization,MinMax,Log+bStand,Sqrt
RBF,0.09312648379623815,0.09596031789794256,0.0965841907565997,0.11085950957371482
RQ,0.09312645002090335,0.0959602490381839,0.09658419627276445,0.11085953793887103
Matern32,0.004733548190213934,0.013856374759842898,7.192332977367105e-05,0.013310965184561917
Matern52,0.07074556927015391,0.07360925741654291,0.07104121572148323,0.0761751865399247
