,Standardization,MinMax,Log+bStand,Sqrt
RBF,0.09542721047267347,0.10019382567805993,0.09930482973474937,0.10091210648753417
RQ,0.09542720807826052,0.10019358842736861,0.0979543587061429,0.10091204398854263
Matern32,0.0018752724660341233,0.01303271744984535,1.844964982265121e-05,0.016104563895860475
Matern52,0.07175729460161301,0.07478530921990235,0.07934192834464922,0.07791924694695819
