,Standardization,MinMax,Log+bStand,Sqrt
RBF,0.11946051949238846,0.12256290924573271,0.11232690129000932,0.1258866859362072
RQ,0.11946054918016318,0.12256288122872615,0.10988245611275385,0.1258866894428986
Matern32,1.0568421538101176e-05,0.01877044714078236,1.4479363593031305e-05,0.014493655068650777
Matern52,0.07580773144973903,0.08621324318445579,0.07397755831331043,0.08641584394702898
