,Standardization,MinMax,Log+bStand,Sqrt
RBF,0.1059785813229787,0.10916128328225819,0.1017176171202951,0.11831885803478144
RQ,0.10597855297282983,0.10916123919035743,0.10143729744675584,0.11831883285210751
Matern32,0.029558864743920322,0.04021834147198574,0.026213344402865355,0.03747048583952853
Matern52,0.08407907295162322,0.0891160915345236,0.0837719382410197,0.08896118356685218
