,Standardization,MinMax,Log+bStand,Sqrt
RBF,0.10658297588765477,0.10759447776198125,0.1079905877195227,0.11694742058166753
RQ,0.10658297274729799,0.10759446674030108,0.10745644194576506,0.11694742391817733
Matern32,0.022559703541585527,0.029739793856829476,0.03209326642484747,0.0329982900141952
Matern52,0.08005392199173009,0.08420409778830029,0.08756173541579373,0.08723269056209713
