,Standardization,MinMax,Log+bStand,Sqrt
RBF,0.9897353436664845,0.9882489372789396,0.9896967824789712,0.9915822592461422
RQ,0.9897353251948889,0.9882489473347659,0.9896967821085382,0.9915822631326469
Matern32,0.9883331391821698,0.9892430484084395,0.9848542072815439,0.9888954057603904
Matern52,0.9898451936880088,0.9887855433384113,0.9891551432328252,0.9908544241395822
