,Standardization,MinMax,Log+bStand,Sqrt
RBF,0.9863811771598543,0.9798955191534741,0.9805910508955616,0.9832803186951983
RQ,0.9863811749973802,0.9798955260856602,0.980801841525964,0.9832803239446567
Matern32,0.9836820786781373,0.9765794355181652,0.9832580188769614,0.9782483867925242
Matern52,0.9836052225067861,0.9744489757413163,0.9817878518497437,0.9761875515855889
