,Standardization,MinMax,Log+bStand,Sqrt
RBF,0.9969567887336597,0.9964545682749646,0.9970719726452871,0.9964892560346669
RQ,0.9969567899381581,0.9964545711075625,0.9970930978265913,0.9964892603153672
Matern32,0.9999999999074274,0.9999784756213946,0.9999999998534782,0.99996779802034
Matern52,0.9985148464219425,0.9982730595908887,0.9980968586883663,0.998118286331771
