,Standardization,MinMax,Log+bStand,Sqrt
RBF,0.9877894527548132,0.9889544811272657,0.986448880887094,0.9835833055142207
RQ,0.9877894499379705,0.988954451863958,0.9858149631102875,0.9835833291849244
Matern32,0.9773578913829329,0.9784917359572255,0.9753338277705738,0.9780341922026987
Matern52,0.9831701686989309,0.9836126106219489,0.9848442845965945,0.983448504541648
