,Standardization,MinMax,Log+bStand,Sqrt
RBF,0.9896184236430932,0.9899663427392905,0.9881793201344532,0.9904824184643242
RQ,0.9896184241798855,0.9899663377543695,0.9882152902157804,0.9904824230584774
Matern32,0.989399588253277,0.9899571090626654,0.98840012267891,0.9895148544407434
Matern52,0.9891517139634645,0.9892302495245171,0.9883215394773313,0.9891554499829873
