,Standardization,MinMax,Log+bStand,Sqrt
RBF,0.9939476248702281,0.9936033180022389,0.9944582370424504,0.9927220164359539
RQ,0.993947621910156,0.9936033213006144,0.9946157258364148,0.9927220149018878
Matern32,0.99999999994496,0.9998274051290468,0.999999999892257,0.9998953329718233
Matern52,0.9971952328576011,0.9965257558712751,0.9972451627102518,0.9964936232078632
