,Standardization,MinMax,Log+bStand,Sqrt
RBF,0.9954385446956954,0.9951339652094372,0.9956845096783945,0.9945141244509454
RQ,0.995438545725406,0.995133965460742,0.9957427858763944,0.9945141270933712
Matern32,0.9997790895468187,0.999614757274173,0.9995518709791451,0.9995295378373797
Matern52,0.9973864859037909,0.9971066999382994,0.9970232595455545,0.9969826282456509
