,Standardization,MinMax,Log+bStand,Sqrt
RBF,0.9958918611416698,0.9953350333103671,0.9958360896371389,0.9954574873064779
RQ,0.9958918622290102,0.9953350535021609,0.9959155869302819,0.9954574955588789
Matern32,0.9999984655783214,0.9999259538365354,0.9999999998501997,0.9998883887415321
Matern52,0.9977469663791585,0.9975005604527042,0.9972313647989698,0.9973171092399779
