,Standardization,MinMax,Log+bStand,Sqrt
RBF,0.9903753205642367,0.9889524520177951,0.991262335559955,0.9925606779864445
RQ,0.9903757971580985,0.9889524554433637,0.9912623355731582,0.9925606827927389
Matern32,0.9902265263588521,0.9913447638829668,0.9861160580507077,0.9908187040251873
Matern52,0.9913115421047326,0.9900439425379116,0.9907037616154688,0.9924296313877345
