,Standardization,MinMax,Log+bStand,Sqrt
RBF,0.9950112782959171,0.994572368075173,0.9952812039675839,0.993732607014027
RQ,0.9950112818412941,0.9945723728851789,0.995307936720419,0.9937326113797544
Matern32,0.999601762818307,0.999265631580755,0.9996726400808155,0.9993544323622104
Matern52,0.9968101979927807,0.9964685956373258,0.9967526117058849,0.9964590857743201
