,Standardization,MinMax,Log+bStand,Sqrt
RBF,0.9886696909025586,0.9808439664208618,0.9819698448348658,0.9841359428516621
RQ,0.9886696810871289,0.9808439092428733,0.9814527995156084,0.984135923080219
Matern32,0.9843250202394536,0.9817766678054393,0.9828523770989772,0.981754220126211
Matern52,0.9857815540889675,0.9782313466039997,0.9821602724839734,0.9785191689369684
