,Standardization,MinMax,Log+bStand,Sqrt
RBF,0.9953649693131847,0.9951193609758664,0.995060182862049,0.9937672236646785
RQ,0.9953649707433497,0.995119367543262,0.9950601819439278,0.9937672183448033
Matern32,0.9999867983752249,0.9998898121566864,0.9999999969221472,0.9998978745237227
Matern52,0.9974033767690951,0.9971776530481488,0.9973547670215591,0.997034391703114
