,Standardization,MinMax,Log+bStand,Sqrt
RBF,0.9947501711549739,0.994598064439054,0.994391294855598,0.9933461449543654
RQ,0.9947502259746237,0.9945980687915464,0.9943912920983884,0.9933461512176106
Matern32,0.9999936254308945,0.9998420195317702,0.9999999999430441,0.9998444955590571
Matern52,0.9967908158680909,0.9965445619451646,0.9967469333064646,0.996406388187173
