,Standardization,MinMax,Log+bStand,Sqrt
RBF,0.9814108613308888,0.9822717833538981,0.9788200091767222,0.978256271734545
RQ,0.9814108584872853,0.9822717693078977,0.9791060689409721,0.9782562658927217
Matern32,0.9711459253828792,0.9717197070033465,0.9682073514802216,0.9705238165988889
Matern52,0.9766992712953387,0.977631508270263,0.9776745983623739,0.9776986852294987
